raquel_rosa;1501;0109
jocimar_martins;1501;0107
raquel_souza;1501;0109
remo_wilke;1501;0109
raquel_goetz;1501;0108
dino_soccol;1502;0001
eveline_mallmann;1501;0108
felipe_martins;1501;0109
marcelo_knorst;1501;0109
alysson_ferro;1501;0108
priscila_nunes;1501;0108
ana_lucas;1501;0109
rafael_sampaio;1501;0109
guilherme_alencastro;1501;0108
jeferson_dornelles;1501;0109
gustavo_pezzini;1501;0109
larissa_brachmann;1501;0108
ana_francisco;1505;0100
lisandro_prass;1505;0100
luiz_svieira;1505;0100
andre_lessa;1505;0090
andre_severo;1505;0090
bianca_santos;1505;0100
lucineia_bernardo;1505;0100
artur_neto;1505;0103
melissa_oliveira;1505;0100
elias_pereira;1505;0090
diego_mdesouza;1505;0100
gabriela_orocha;1505;0100
leticia_silveira;1505;0100
jessica_larrea;1505;0100
joao_rsilveira;1505;0090
kevinin_silva;1505;0100
ronaldo_silveira;1506;0434
felipe_caballero;1506;0434
gustavo_vanzetta;1506;0434
mauricio_rodrigues;1506;0437
josemari_leite;1506;0434
daniele_szortyka;1506;0437
william_henkel;1506;0437
janine_macedo;1506;0437
jessica_cassiana;1506;0437
dionathan_carvalho;1506;0436
alessandra_amaro;1506;0447
felipe_pacheco;1506;0436
cristiane_amaral;1509;0001
carla_katsurayama;1509;0001
vivian_anschau;1509;0001
sharda_castiglioni;1509;0001
diana_serafini;1509;0001
michelly_cardoso;1509;0001
carlos_rossato;1509;0001
rafaela_fortunato;1509;0001
fabiana_bartolomay;1509;0001
guilherme_fronza;1509;0001
angelica_balestrin;1509;0001
romeo_balzan;1509;0001
suellen_batista;1509;0001
isaura_morel;1509;0001
simoes_aline;1509;0001
keyla_rodrigues;1509;0001
graziela_nardes;1509;0001
fernanda_pittelkow;1509;0001
prado_francieli;1509;0001
natalia_rsilva;1509;0001
andrissa_cardoso;1509;0001
jefferson_zago;1509;0001
lopes_fernanda;1509;0001